<?xml version="1.0" encoding="UTF-8"?>
<project-private xmlns="http://www.netbeans.org/ns/project-private/1">
    <editor-bookmarks xmlns="http://www.netbeans.org/ns/editor-bookmarks/2" lastBookmarkId="0"/>
    <open-files xmlns="http://www.netbeans.org/ns/projectui-open-files/2">
        <group>
            <file>file:/D:/xampp/htdocs/wp/wp_n/wp-content/themes/samsun/inc/components/related-posts/class.mt-related-posts.php</file>
            <file>file:/D:/xampp/htdocs/wp/wp_n/wp-content/themes/samsun/functions.php</file>
            <file>file:/D:/xampp/htdocs/wp/wp_n/wp-content/themes/samsun/inc/support.php</file>
            <file>file:/D:/xampp/htdocs/wp/wp_n/wp-content/themes/samsun/style.css</file>
            <file>file:/D:/xampp/htdocs/wp/wp_n/wp-content/themes/samsun/inc/components/entry-meta/class.mt-entry-meta.php</file>
        </group>
    </open-files>
</project-private>
